Consultas principales,Clics,Impresiones,CTR,Posición
licencia de electricista,4,257,1.56%,11.05
licencia para electricista,2,24,8.33%,9.33
licencia de electricista en florida,1,39,2.56%,23.21
licencia cdl precio,1,35,2.86%,8.77
licencias de electricidad,1,10,10%,6.7
licencia de electricista aprendiz,1,10,10%,13.2
como sacar la licencia de aprendiz de electricista,1,9,11.11%,24.56
licencia de aire acondicionado,1,7,14.29%,30.43
certificación de electricista,1,1,100%,4
nec 2023 en español,1,1,100%,17
nec handbook 2023 pdf español gratis,1,1,100%,45
licencia de cosmetologia,0,578,0%,6.55
licencia de estetica,0,285,0%,8.81
tdlr que es,0,94,0%,8.19
curso de operador de cosmetologia,0,78,0%,42.92
que significa tdlr,0,74,0%,7.76
tdlr en español,0,61,0%,8.16
licencia cdl,0,56,0%,10.46
licencia de electricista en new york,0,53,0%,10.38
que es tdlr,0,49,0%,10.14
www tdlr texas gov en español,0,41,0%,8.02
como sacar la licencia de electricista,0,36,0%,10.92
licencia de electricidad,0,34,0%,12.53
licencia de cosmetología,0,29,0%,19.07
como sacar licencia de electricista,0,27,0%,6.93
new hampshire electrical license,0,25,0%,88.52
licencia electricista,0,22,0%,15.27
licencia de aprendiz de electricista,0,17,0%,17.94
licencia cosmetologia,0,15,0%,6.2
sacar licencia de electricista,0,15,0%,9.4
tdlr,0,15,0%,43.2
plomero con licencia,0,15,0%,48.07
licencia de aprendiz de electricista en texas,0,14,0%,51.36
como sacar una licencia de electricista,0,13,0%,7.38
licencia de esteticista en texas,0,13,0%,11.08
licencia de cosmetología en texas,0,13,0%,13.69
tdlr cosmetology en español,0,13,0%,37.08
licencia de electricista en california,0,12,0%,13.67
licencia de plomeria,0,12,0%,29.58
electricista con licencia,0,12,0%,44.17
tipos de licencia de electricista,0,11,0%,19.73
como obtener la licencia de electricista,0,10,0%,6.3
requisitos para sacar licencia de electricista,0,10,0%,10.2
licencia cdl requisitos,0,10,0%,18.9
cuanto cuesta sacar la licencia cdl,0,9,0%,16.33
examen para licencia de electricista en florida,0,9,0%,16.56
licencia de aprendiz electricista texas,0,9,0%,17.44
como obtener una licencia de electricista en usa,0,9,0%,18.89
certificado de electricista,0,9,0%,23.56
licencia de electricista en texas,0,9,0%,41
licencia de plomero,0,9,0%,45.89
formacion electricista,0,8,0%,8.88
examen para licencia de electricista,0,8,0%,20.12
www.tdlr.texas.gov en español,0,8,0%,20.5
requisitos para obtener licencia de cosmetología,0,8,0%,27.62
cuanto cuesta la licencia cdl,0,7,0%,7.86
puedo sacar licencia cdl con permiso de trabajo,0,7,0%,48.14
certificación oficios para latinos usa usa online aula 10,0,6,0%,10.17
licencia de esteticista,0,6,0%,23.17
electricista certificado,0,6,0%,33.67
licencia clase a en california,0,6,0%,37.83
cual es la licencia cdl,0,6,0%,73.5
tdlr meaning,0,5,0%,5.2
cdl license cost california,0,5,0%,5.4
can daca get cdl in california,0,5,0%,8.4
plomeria licenciada,0,5,0%,8.6
certificados de electricidad,0,5,0%,8.8
tdlr cosmetology license renewal fee,0,5,0%,10
licencia para aire acondicionado,0,5,0%,21.8
como sacar la licencia de electricista en texas,0,5,0%,28.4
licencia de electricista en florida en español,0,5,0%,41.6
licencia comercial california,0,5,0%,43
curso de electricista,0,5,0%,53.6
licencia comercial clase a,0,5,0%,64
certificación electricista,0,4,0%,2.75
new mexico electrical license application,0,4,0%,5
requisitos para ser electricista en méxico,0,4,0%,7.25
cuanto cuesta la licencia de electricista,0,4,0%,8
como sacar la licencia de journeyman,0,4,0%,8.75
licencia de hvac,0,4,0%,18.75
weca,0,4,0%,27.75
licencia de electricista texas,0,4,0%,32
plomero oficio,0,4,0%,33.75
departamento de licencias y regulación de texas,0,4,0%,35
tdlr en español número de teléfono,0,4,0%,37
licencia de electricidad en texas,0,4,0%,40.75
requisitos para licencia clase a en california,0,4,0%,54.75
licencia electricista texas,0,4,0%,65.75
cursos de electricidad new york,0,4,0%,81
cuanto cuesta la licencia de cosmetologia,0,3,0%,4.67
wa electrical licence,0,3,0%,5.67
texas cosmetology license requirements,0,3,0%,6.33
how much is cosmetology school in texas,0,3,0%,6.67
license for electrician,0,3,0%,7
hvac license,0,3,0%,9.67
cual es la licencia cdl clase a,0,3,0%,11.33
nec 2023 español,0,3,0%,29
clases de electricista,0,3,0%,37.67
certificado de electricista en usa,0,3,0%,40.67
licencia electrica,0,3,0%,61.33
licencia cdl california,0,3,0%,68.67
certificaciones para electricistas,0,2,0%,2
nyc electrician exam,0,2,0%,2
chamba,0,2,0%,3
licencia de aprendiz de electricidad,0,2,0%,5
can i get a cdl with daca in california,0,2,0%,5.5
cosmetology school license,0,2,0%,6
licencia para trailer precio,0,2,0%,6
new mexico journeyman electrician license application,0,2,0%,6
tdlr licencia de electricista,0,2,0%,6
cdl license daca,0,2,0%,7
electricistas certificados,0,2,0%,7
que es tdlr en texas,0,2,0%,7
electricista,0,2,0%,7.5
how many hours of cosmetology school in texas,0,2,0%,8
how to get a cosmetology license,0,2,0%,8
class a driver salary california,0,2,0%,9
puedo sacar la cdl con permiso de trabajo,0,2,0%,9
puedo sacar mi cdl con permiso de trabajo,0,2,0%,9
requisitos para licencia cdl,0,2,0%,9
tu guía usa com florida,0,2,0%,9
donde sacar licencia de electricista,0,2,0%,9.5
how much does cosmetology school cost in texas,0,2,0%,10
licensed cosmetologist,0,2,0%,10
que necesito para sacar la licencia cdl,0,2,0%,10.5
examen de licencia comercial clase b en california,0,2,0%,11
licencia de conducir cdl,0,2,0%,11.5
que significa weca,0,2,0%,11.5
requisitos para cdl en california,0,2,0%,12
esthetician salary texas,0,2,0%,12.5
how to get a plumbing license in california,0,2,0%,13
cuanto cuesta la licencia clase a en california,0,2,0%,17
como obtener la cdl,0,2,0%,21
como sacar licencia de electricista en texas,0,2,0%,28
examen de licencia comercial clase a en california,0,2,0%,28.5
licencia de aire acondicionado en texas,0,2,0%,35.5
código eléctrico nacional 2023 en español,0,2,0%,36
examen para licencia de electricista en texas,0,2,0%,36
licencia comercial cdl,0,2,0%,45
licencia b en california,0,2,0%,46.5
licencia de conducir comercial,0,2,0%,52.5
como sacar licencia cdl,0,2,0%,54
licencia cdl clase a,0,2,0%,56
cursos electricidad miami,0,2,0%,57
titulo de electricista,0,2,0%,69
cual es la licencia cdl a,0,2,0%,79.5
código eléctrico nacional en español,0,2,0%,81.5
curso de electricidad en new york,0,2,0%,84.5
cursos electricidad new york,0,2,0%,91.5
nec 2023 pdf español,0,2,0%,92
nec 2023 spanish,0,2,0%,97
certificado electricista,0,1,0%,2
do you need a ged for cosmetology school in texas,0,1,0%,2
do you need a license to do hair extensions in texas,0,1,0%,2
what can you do with a cosmetology license besides hair,0,1,0%,2
cosmetic license,0,1,0%,3
cosmetologia licencia,0,1,0%,4
cosmetology license cost,0,1,0%,4
cuanto sale la carrera de cosmetologia,0,1,0%,4
define tdlr,0,1,0%,4
goals,0,1,0%,4
hvac contractors license california,0,1,0%,4
illinois electrical license exam,0,1,0%,4
mantenimiento de sistemas eléctricos,0,1,0%,4
tdlr español,0,1,0%,4
beauty licence,0,1,0%,5
cdl class a cost,0,1,0%,5
cdl license cost,0,1,0%,5
chicago electrical license requirements,0,1,0%,5
cosmetology license requirements,0,1,0%,5
cosmetology license texas requirements,0,1,0%,5
cuanto cuesta sacar la cdl,0,1,0%,5
electrical license renewal california,0,1,0%,5
esthetician license texas cost,0,1,0%,5
hours required for cosmetology license,0,1,0%,5
how many hours do you need to get your journeyman electrical license,0,1,0%,5
how much does it cost to get a cosmetology license in texas,0,1,0%,5
how much is a cdl license in california,0,1,0%,5
how much is cosmetology license,0,1,0%,5
lic41,0,1,0%,5
licencia de instalador electrico,0,1,0%,5
license hair stylist,0,1,0%,5
psi new mexico electrical license,0,1,0%,5
special treatments licence,0,1,0%,5
tdlr meaning business,0,1,0%,5
what age can you get your cdl,0,1,0%,5
cdl a license cost,0,1,0%,6
cosmetology operator,0,1,0%,6
cosmetology salary texas,0,1,0%,6
cuanto cuesta la licencia de trailero,0,1,0%,6
electrician license,0,1,0%,6
electrician salary oregon,0,1,0%,6
georgia,0,1,0%,6
head spa license requirements texas,0,1,0%,6
how long is a cosmetology license good for,0,1,0%,6
how many hours do you need to get your master electrician license,0,1,0%,6
how much does cdl license cost,0,1,0%,6
how much does it cost to be a cosmetologist,0,1,0%,6
how much does it cost to get a cosmetology license,0,1,0%,6
how much for cosmetology license,0,1,0%,6
how to become an electrician in pa,0,1,0%,6
licencia aprendiz electricista,0,1,0%,6
licenciada en cosmetología,0,1,0%,6
noncitizen truck driver cdl requirements,0,1,0%,6
nyc refrigeration license requirements,0,1,0%,6
requisitos para ser electricista,0,1,0%,6
tdlr number meaning,0,1,0%,6
texas cosmetology requirements,0,1,0%,6
cdl driver salary california,0,1,0%,7
como certificarte como electricista,0,1,0%,7
cosmetology school requirements,0,1,0%,7
education requirements for cosmetology,0,1,0%,7
electrical license nevada,0,1,0%,7
electrician training las vegas,0,1,0%,7
electricos certificados,0,1,0%,7
how much is a cdl permit in california,0,1,0%,7
how to get an electrical license in pa,0,1,0%,7
licencia de aprendiz electricista,0,1,0%,7
license plumbing,0,1,0%,7
renovar licencia de aprendiz de electricista,0,1,0%,7
requirements for cosmetology license,0,1,0%,7
shampoo license texas,0,1,0%,7
texas cosmetology hours required,0,1,0%,7
texas cosmetology license,0,1,0%,7
texas department of licensing and regulation,0,1,0%,7
certificado de electricidad,0,1,0%,8
cosmetologist salary texas,0,1,0%,8
cslb hvac license,0,1,0%,8
daca cdl california,0,1,0%,8
electricidad,0,1,0%,8
how to get plumbing license in california,0,1,0%,8
new york state hvac license requirements,0,1,0%,8
renton technical college electrician,0,1,0%,8
requisitos para ser eletricista,0,1,0%,8
technical license,0,1,0%,8
tomar el examen de combinacion para cdl es obligatorio,0,1,0%,8
cdl licencia,0,1,0%,9
como sacar la licencia de plomero,0,1,0%,9
como sacar licencia de aprendiz electricista en texas,0,1,0%,9
cosmetologa,0,1,0%,9
cosmetology license renewal fee,0,1,0%,9
do i need a cosmetology license to open a salon,0,1,0%,9
escuela para sacar mi licencia de plomero,0,1,0%,9
número de seguro social,0,1,0%,9
como sacar cdl,0,1,0%,10
cuanto cuesta la licencia para manejar trailer,0,1,0%,10
cuanto cuesta un curso de electricista,0,1,0%,10
how much does it cost to get your cdls,0,1,0%,10
iec dallas,0,1,0%,10
que se necesita para ser electricista en estados unidos,0,1,0%,10
renton technical college,0,1,0%,10
salario promedio electricista estados unidos 2024,0,1,0%,10
xpo logistics,0,1,0%,10
certificado de cosmetologia,0,1,0%,11
electricistas con licencia,0,1,0%,11
escuela de electricista,0,1,0%,11
escuelas de electricidad,0,1,0%,11
escuelas para electricistas,0,1,0%,11
how long does it take to get your cosmetology license,0,1,0%,11
if i have a cosmetology license,0,1,0%,11
licencia de electricista aprendiz en texas,0,1,0%,11
licencia de electricista en estados unidos,0,1,0%,11
licencia tdlr,0,1,0%,11
licensia cdl,0,1,0%,11
nec,0,1,0%,11
requisitos para la cdl,0,1,0%,11
tdlr aprendiz de electricista,0,1,0%,11
what does a cosmetology license cover,0,1,0%,11
(512) 463-6599,0,1,0%,12
aprendiz de electricista,0,1,0%,12
best certifications for electricians,0,1,0%,12
cdl con permiso de trabajo,0,1,0%,12
cdl en california,0,1,0%,12
cosmetology license,0,1,0%,12
do you need a license to do body sculpting in texas,0,1,0%,12
freon license,0,1,0%,12
how to become a electrician in oregon,0,1,0%,12
how to become an electrician in nevada,0,1,0%,12
licencia cdl a,0,1,0%,12
licencia cdl clase b,0,1,0%,12
licencia clase a en estados unidos,0,1,0%,12
licencia de conducir cdl clase a,0,1,0%,12
licencia de conducir comercial (cdl),0,1,0%,12
licencia de journeyman electrician,0,1,0%,12
licencia de refrigeración,0,1,0%,12
licencia de trailero precio,0,1,0%,12
master electrician,0,1,0%,12
permiso cdl,0,1,0%,12
plomero en estados unidos,0,1,0%,12
escuela de electricidad,0,1,0%,13
how to get electrical license in pa,0,1,0%,13
que necesito para ser electricista,0,1,0%,13
cosmetology price,0,1,0%,14
requisitos para trabajar en electricidad,0,1,0%,15
#cosmetologa,0,1,0%,17
nec 2023,0,1,0%,18
como ser electricista en estados unidos,0,1,0%,20
escuela de electricidad cerca de mi,0,1,0%,20
nec 2023 pdf español gratis,0,1,0%,21
nfpa 70 2023 pdf español gratis,0,1,0%,27
texas tdlr,0,1,0%,28
tdlr austin,0,1,0%,29
electricista hispano cerca de mi,0,1,0%,30
cursos de electricista,0,1,0%,32
licencias cdl,0,1,0%,33
arizona hvac license,0,1,0%,39
tdlr website,0,1,0%,40
certificación epa,0,1,0%,41
licencia clase a california,0,1,0%,44
california cdl,0,1,0%,46
weca et program,0,1,0%,46
licencia comercial en california,0,1,0%,47
contractors state license board sacramento,0,1,0%,49
licencia cdl en estados unidos,0,1,0%,50
cuanto gana un electricista en estados unidos por semana,0,1,0%,51
licencia clase b en california,0,1,0%,52
licencia de manicurista en texas,0,1,0%,56
licencia 608 epa,0,1,0%,57
cuanto ganan los electricistas en usa,0,1,0%,59
licenciarme,0,1,0%,60
cuánto gana un electricista en estados unidos al mes,0,1,0%,61
donde matricularse como electricista,0,1,0%,62
oregon electrical license,0,1,0%,62
cuanto gana un electricista en usa,0,1,0%,63
libro nec de electricidad en español,0,1,0%,63
licencia epa,0,1,0%,67
requisitos para licencia de electricista en panamá,0,1,0%,67
licencia aprendiz electricista texas,0,1,0%,68
licencia clase b california,0,1,0%,68
nfpa 70 en español,0,1,0%,69
cuanto gana un electricista en estados unidos la hora,0,1,0%,71
hvac license in california,0,1,0%,72
licencia de trabajo en estados unidos,0,1,0%,75
nfpa 70 2023 pdf español,0,1,0%,88
cursos de electricidad en ny,0,1,0%,89
new york hvac license,0,1,0%,90
nec 2023 español pdf,0,1,0%,92
nyc electrical license,0,1,0%,94
licencia cdl que es,0,1,0%,95
licencia comercial en estados unidos,0,1,0%,97